Workbook

Sheet FRONT PG
A1: SALES : | F1: TARIKH ORDER :
A2: SEKOLAH : | F2: TARIKH FUNCTION :
A3: LOGO :
A4: CIKGU / NO TEL :
B6: JENIS PLAK | D6: QTY | F6: HARGA
F7: =IF(OR(B7="",D7=""),"",IFERROR(VLOOKUP(B7,'SENARAI PLAK'!$A$2:$B$159,2,FALSE)*D7,""))
F8: =IF(OR(B8="",D8=""),"",IFERROR(VLOOKUP(B8,'SENARAI PLAK'!$A$2:$B$159,2,FALSE)*D8,""))
F9: =IF(OR(B9="",D9=""),"",IFERROR(VLOOKUP(B9,'SENARAI PLAK'!$A$2:$B$159,2,FALSE)*D9,""))
F10: =IF(OR(B10="",D10=""),"",IFERROR(VLOOKUP(B10,'SENARAI PLAK'!$A$2:$B$159,2,FALSE)*D10,""))
F11: =IF(OR(B11="",D11=""),"",IFERROR(VLOOKUP(B11,'SENARAI PLAK'!$A$2:$B$159,2,FALSE)*D11,""))
F12: =IF(OR(B12="",D12=""),"",IFERROR(VLOOKUP(B12,'SENARAI PLAK'!$A$2:$B$159,2,FALSE)*D12,""))
F13: =IF(OR(B13="",D13=""),"",IFERROR(VLOOKUP(B13,'SENARAI PLAK'!$A$2:$B$159,2,FALSE)*D13,""))
F14: =IF(OR(B14="",D14=""),"",IFERROR(VLOOKUP(B14,'SENARAI PLAK'!$A$2:$B$159,2,FALSE)*D14,""))
F15: =IF(OR(B15="",D15=""),"",IFERROR(VLOOKUP(B15,'SENARAI PLAK'!$A$2:$B$159,2,FALSE)*D15,""))
A16: TAMBAHAN : | F16: TARIKH :
F17: =IF(OR(B17="",D17=""),"",IFERROR(VLOOKUP(B17,'SENARAI PLAK'!$A$2:$B$159,2,FALSE)*D17,""))
F18: =IF(OR(B18="",D18=""),"",IFERROR(VLOOKUP(B18,'SENARAI PLAK'!$A$2:$B$159,2,FALSE)*D18,""))
F19: =IF(OR(B19="",D19=""),"",IFERROR(VLOOKUP(B19,'SENARAI PLAK'!$A$2:$B$159,2,FALSE)*D19,""))
F20: =IF(OR(B20="",D20=""),"",IFERROR(VLOOKUP(B20,'SENARAI PLAK'!$A$2:$B$159,2,FALSE)*D20,""))
A21: TAMBAHAN : | F21: TARIKH :
F22: =IF(OR(B22="",D22=""),"",IFERROR(VLOOKUP(B22,'SENARAI PLAK'!$A$2:$B$159,2,FALSE)*D22,""))
F23: =IF(OR(B23="",D23=""),"",IFERROR(VLOOKUP(B23,'SENARAI PLAK'!$A$2:$B$159,2,FALSE)*D23,""))
F24: =IF(OR(B24="",D24=""),"",IFERROR(VLOOKUP(B24,'SENARAI PLAK'!$A$2:$B$159,2,FALSE)*D24,""))
F25: =IF(OR(B25="",D25=""),"",IFERROR(VLOOKUP(B25,'SENARAI PLAK'!$A$2:$B$159,2,FALSE)*D25,""))
A26: TAMBAHAN : | F26: TARIKH :
F27: =IF(OR(B27="",D27=""),"",IFERROR(VLOOKUP(B27,'SENARAI PLAK'!$A$2:$B$159,2,FALSE)*D27,""))
F28: =IF(OR(B28="",D28=""),"",IFERROR(VLOOKUP(B28,'SENARAI PLAK'!$A$2:$B$159,2,FALSE)*D28,""))
F29: =IF(OR(B29="",D29=""),"",IFERROR(VLOOKUP(B29,'SENARAI PLAK'!$A$2:$B$159,2,FALSE)*D29,""))
F30: =IF(OR(B30="",D30=""),"",IFERROR(VLOOKUP(B30,'SENARAI PLAK'!$A$2:$B$159,2,FALSE)*D30,""))
A32: REMARK :

Sheet SELEMPANG
A3: TOLONG ISI DI SINI
A4: ACARA | B4: WARNA | C4: KUANTITI | E4: CONTOH WARNA
E5: BIRU | F5: 0053
E6: HIJAU | F6: 0052
E7: KUNING | F7: 0051
E8: MERAH | F8: 0050

Sheet PPKI,PRA
C1: TOLONG ISI DI SINI
A9: Ada Nama Kelas? Isi kanan sahaja (auto kira). Tiada? Padam 0, taip sendiri.
A10: SUBJEK | B10: KUANTITI | F10: PRA PPKI | K10: PPKI | P10: PRASEKOLAH
B11: PRA PPKI | C11: PPKI | D11: PRASEKOLAH | F11: Nama Kelas | G11: QTY | H11: Moral Kelas | I11: QTY | K11: Nama Kelas | L11: QTY | M11: Moral Kelas | N11: QTY | P11: Nama Kelas | Q11: QTY | R11: Moral Kelas | S11: QTY
A12: BAHASA MELAYU | B12: =SUM(G12:G23) -> 0 | C12: =SUM(L12:L23) -> 0 | D12: =SUM(Q12:Q23) -> 0
A13: BAHASA INGGERIS | B13: =SUM(G12:G23) -> 0 | C13: =SUM(L12:L23) -> 0 | D13: =SUM(Q12:Q23) -> 0
A14: MATEMATIK | B14: =SUM(G12:G23) -> 0 | C14: =SUM(L12:L23) -> 0 | D14: =SUM(Q12:Q23) -> 0
A15: SAINS | B15: =SUM(G12:G23) -> 0 | C15: =SUM(L12:L23) -> 0 | D15: =SUM(Q12:Q23) -> 0
A16: PENDIDIKAN ISLAM | B16: =SUM(G12:G23) -> 0 | C16: =SUM(L12:L23) -> 0 | D16: =SUM(Q12:Q23) -> 0
A17: BAHASA ARAB | B17: =SUM(G12:G23) -> 0 | C17: =SUM(L12:L23) -> 0 | D17: =SUM(Q12:Q23) -> 0
A18: PENDIDIKAN SENI VISUAL | B18: =SUM(G12:G23) -> 0 | C18: =SUM(L12:L23) -> 0 | D18: =SUM(Q12:Q23) -> 0
A19: PENDIDIKAN JASMANI | B19: =SUM(G12:G23) -> 0 | C19: =SUM(L12:L23) -> 0 | D19: =SUM(Q12:Q23) -> 0
A20: PENDIDIKAN KESIHATAN | B20: =SUM(G12:G23) -> 0 | C20: =SUM(L12:L23) -> 0 | D20: =SUM(Q12:Q23) -> 0
A21: PENDIDIKAN MUZIK | B21: =SUM(G12:G23) -> 0 | C21: =SUM(L12:L23) -> 0 | D21: =SUM(Q12:Q23) -> 0
A22: PENDIDIKAN MORAL | B22: =SUM(I12:I23) -> 0 | C22: =SUM(N12:N23) -> 0 | D22: =SUM(S12:S23) -> 0
A23: BAHASA CINA | B23: =SUM(G12:G23) -> 0 | C23: =SUM(L12:L23) -> 0 | D23: =SUM(Q12:Q23) -> 0
A24: BAHASA TAMIL | B24: =SUM(G12:G23) -> 0 | C24: =SUM(L12:L23) -> 0 | D24: =SUM(Q12:Q23) -> 0
B25: =SUM(G12:G23) -> 0 | C25: =SUM(L12:L23) -> 0 | D25: =SUM(Q12:Q23) -> 0
B26: =SUM(G12:G23) -> 0 | C26: =SUM(L12:L23) -> 0 | D26: =SUM(L12:L23) -> 0
B27: =SUM(G12:G23) -> 0 | C27: =SUM(L12:L23) -> 0 | D27: =SUM(L12:L23) -> 0
B28: =SUM(G12:G23) -> 0 | C28: =SUM(L12:L23) -> 0 | D28: =SUM(L12:L23) -> 0
B29: =SUM(G12:G23) -> 0 | C29: =SUM(L12:L23) -> 0 | D29: =SUM(L12:L23) -> 0
B30: =SUM(G12:G23) -> 0 | C30: =SUM(L12:L23) -> 0 | D30: =SUM(L12:L23) -> 0
A31: TOTAL | B31: =SUM(B12:B30) -> 0 | C31: =SUM(C12:C30) -> 0 | D31: =SUM(D12:D30) -> 0
B33: JENIS PLAK | C33: QTY | D33: HARGA
C34: =SUM(B31:D31) -> 0 | D34: =IF(OR(B34="",C34=""),"",IFERROR(VLOOKUP(B34,'SENARAI PLAK'!$A$2:$B$159,2,FALSE)*C34,""))

Sheet MP THP 1
B1: TOLONG ISI DI SINI
A7: SUBJEK
B8: TAHUN 1 | C8: TAHUN 2 | D8: TAHUN 3
A9: BAHASA MELAYU
A10: BAHASA INGGERIS
A11: MATEMATIK
A12: SAINS
A13: PENDIDIKAN ISLAM
A14: BAHASA ARAB
A15: PENDIDIKAN SENI VISUAL
A16: PENDIDIKAN JASMANI
A17: PENDIDIKAN KESIHATAN
A18: PENDIDIKAN MUZIK
A19: PENDIDIKAN MORAL
A20: BAHASA CINA
... A22: PENDIDIKAN JASMANI & PENDIDIKAN KESIHATAN
A28: TOTAL | B28: =SUM(B9:B27) -> 0 | C28: =SUM(C9:C27) -> 0 | D28: =SUM(D9:D27) -> 0
B30: JENIS PLAK | C30: QTY | D30: HARGA
C31: =SUM(B28:D28) -> 0 | D31: =IF(OR(B31="",C31=""),"",IFERROR(VLOOKUP(B31,'SENARAI PLAK'!$A$2:$B$159,2,FALSE)*C31,""))

Sheet MP THP 1 (Kalau ada kelas)
B1: TOLONG ISI DI SINI
A10: Ada Nama Kelas? Isi kanan sahaja (auto kira). Tiada? Padam 0, taip sendiri.
A11: SUBJEK | F11: Tahun 1 | K11: Tahun 2 | P11: Tahun 3
B12: TAHUN 1 | C12: TAHUN 2 | D12: TAHUN 3 | F12: Nama Kelas | G12: QTY | H12: Moral Kelas | I12: QTY | K12: Nama Kelas | L12: QTY | M12: Moral Kelas | N12: QTY | P12: Nama Kelas | Q12: QTY | R12: Moral Kelas | S12: QTY
A13: BAHASA MELAYU | B13: =SUM(G13:G24) -> 0 | C13: =SUM(L13:L24) -> 0 | D13: =SUM(S13:S24) -> 0
A14: BAHASA INGGERIS | B14: =SUM(G13:G24) -> 0 | C14: =SUM(L13:L24) -> 0 | D14: =SUM(S13:S24) -> 0
A15: MATEMATIK | B15: =SUM(G13:G24) -> 0 | C15: =SUM(L13:L24) -> 0 | D15: =SUM(S13:S24) -> 0
A16: SAINS | B16: =SUM(G13:G24) -> 0 | C16: =SUM(L13:L24) -> 0 | D16: =SUM(S13:S24) -> 0
A17: PENDIDIKAN ISLAM | B17: =SUM(G13:G24) -> 0 | C17: =SUM(L13:L24) -> 0 | D17: =SUM(S13:S24) -> 0
A18: BAHASA ARAB | B18: =SUM(G13:G24) -> 0 | C18: =SUM(L13:L24) -> 0 | D18: =SUM(S13:S24) -> 0
A19: PENDIDIKAN SENI VISUAL | B19: =SUM(G13:G24) -> 0 | C19: =SUM(L13:L24) -> 0 | D19: =SUM(S13:S24) -> 0
A20: PENDIDIKAN JASMANI | B20: =SUM(G13:G24) -> 0 | C20: =SUM(L13:L24) -> 0 | D20: =SUM(S13:S24) -> 0
A21: PENDIDIKAN KESIHATAN | B21: =SUM(G13:G24) -> 0 | C21: =SUM(L13:L24) -> 0 | D21: =SUM(S13:S24) -> 0
A22: PENDIDIKAN MUZIK | B22: =SUM(G13:G24) -> 0 | C22: =SUM(L13:L24) -> 0 | D22: =SUM(S13:S24) -> 0
A23: PENDIDIKAN MORAL | B23: =SUM(I13:I24) -> 0 | C23: =SUM(N13:N24) -> 0 | D23: =SUM(S13:S24) -> 0
A24: BAHASA CINA | B24: =SUM(G13:G24) -> 0 | C24: =SUM(L13:L24) -> 0 | D24: =SUM(S13:S24) -> 0
A25: BAHASA TAMIL | B25: =SUM(G13:G24) -> 0 | C25: =SUM(L13:L24) -> 0 | D25: =SUM(S13:S24) -> 0
A26: PENDIDIKAN JASMANI & PENDIDIKAN KESIHATAN | B26: =SUM(G13:G24) -> 0 | C26: =SUM(L13:L24) -> 0 | D26: =SUM(Q13:Q24) -> 0
B27: =SUM(G13:G24) -> 0 | C27: =SUM(L13:L24) -> 0 | D27: =SUM(Q13:Q24) -> 0
B28: =SUM(G13:G24) -> 0 | C28: =SUM(L13:L24) -> 0 | D28: =SUM(Q13:Q24) -> 0
B29: =SUM(G13:G24) -> 0 | C29: =SUM(L13:L24) -> 0 | D29: =SUM(Q13:Q24) -> 0
B30: =SUM(G13:G24) -> 0 | C30: =SUM(L13:L24) -> 0 | D30: =SUM(Q13:Q24) -> 0
B31: =SUM(G13:G24) -> 0 | C31: =SUM(L13:L24) -> 0 | D31: =SUM(Q13:Q24) -> 0
A32: TOTAL | B32: =SUM(B13:B31) -> 0 | C32: =SUM(C13:C31) -> 0 | D32: =SUM(D13:D31) -> 0
B34: JENIS PLAK | C34: QTY | D34: HARGA
C35: =SUM(B32:D32) -> 0 | D35: =IF(OR(B35="",C35=""),"",IFERROR(VLOOKUP(B35,'SENARAI PLAK'!$A$2:$B$159,2,FALSE)*C35,""))

Sheet MP THP 2
B2: TOLONG ISI DI SINI
A8: SUBJEK | B8: KUANTITI
B9: TAHUN 4 | C9: TAHUN 5 | D9: TAHUN 6
A10: BAHASA MELAYU
A11: BAHASA INGGERIS
A12: MATEMATIK
A13: SAINS
A14: PENDIDIKAN ISLAM
A15: BAHASA ARAB
A16: PENDIDIKAN SENI VISUAL
A17: PENDIDIKAN JASMANI
A18: PENDIDIKAN KESIHATAN
A19: PENDIDIKAN MUZIK
A20: PENDIDIKAN MORAL
A21: SEJARAH
... A25: PENDIDIKAN JASMANI & PENDIDIKAN KESIHATAN
A33: TOTAL: | B33: =SUM(B10:B32) -> 0 | C33: =SUM(C10:C32) -> 0 | D33: =SUM(D10:D32) -> 0
B35: JENIS PLAK | C35: QTY | D35: HARGA
C36: =SUM(B33:D33) -> 0 | D36: =IF(OR(B36="",C36=""),"",IFERROR(VLOOKUP(B36,'SENARAI PLAK'!$A$2:$B$159,2,FALSE)*C36,""))

Sheet MP THP 2 (Kalau ada kelas)
B1: TOLONG ISI DI SINI
A10: Ada Nama Kelas? Isi kanan sahaja (auto kira). Tiada? Padam 0, taip sendiri.
A11: SUBJEK | F11: Tahun 4 | K11: Tahun 5 | P11: Tahun 6
B12: TAHUN 4 | C12: TAHUN 5 | D12: TAHUN 6 | F12: Nama Kelas | G12: QTY | H12: Moral Kelas | I12: QTY | K12: Nama Kelas | L12: QTY | M12: Moral Kelas | N12: QTY | P12: Nama Kelas | Q12: QTY | R12: Moral Kelas | S12: QTY
A13: BAHASA MELAYU | B13: =SUM(G13:G24) -> 0 | C13: =SUM(L13:L24) -> 0 | D13: =SUM(Q13:Q24) -> 0
A14: BAHASA INGGERIS | B14: =SUM(G13:G24) -> 0 | C14: =SUM(L13:L24) -> 0 | D14: =SUM(Q13:Q24) -> 0
A15: MATEMATIK | B15: =SUM(G13:G24) -> 0 | C15: =SUM(L13:L24) -> 0 | D15: =SUM(Q13:Q24) -> 0
A16: SAINS | B16: =SUM(G13:G24) -> 0 | C16: =SUM(L13:L24) -> 0 | D16: =SUM(Q13:Q24) -> 0
A17: PENDIDIKAN ISLAM | B17: =SUM(G13:G24) -> 0 | C17: =SUM(L13:L24) -> 0 | D17: =SUM(Q13:Q24) -> 0
A18: BAHASA ARAB | B18: =SUM(G13:G24) -> 0 | C18: =SUM(L13:L24) -> 0 | D18: =SUM(Q13:Q24) -> 0
A19: PENDIDIKAN SENI VISUAL | B19: =SUM(G13:G24) -> 0 | C19: =SUM(L13:L24) -> 0 | D19: =SUM(Q13:Q24) -> 0
A20: PENDIDIKAN JASMANI | B20: =SUM(G13:G24) -> 0 | C20: =SUM(L13:L24) -> 0 | D20: =SUM(Q13:Q24) -> 0
A21: PENDIDIKAN KESIHATAN | B21: =SUM(G13:G24) -> 0 | C21: =SUM(L13:L24) -> 0 | D21: =SUM(Q13:Q24) -> 0
A22: PENDIDIKAN MUZIK | B22: =SUM(G13:G24) -> 0 | C22: =SUM(L13:L24) -> 0 | D22: =SUM(Q13:Q24) -> 0
A23: PENDIDIKAN MORAL | B23: =SUM(I13:I24) -> 0 | C23: =SUM(N13:N24) -> 0 | D23: =SUM(S13:S24) -> 0
A24: BAHASA CINA | B24: =SUM(G13:G24) -> 0 | C24: =SUM(L13:L24) -> 0 | D24: =SUM(Q13:Q24) -> 0
A25: BAHASA TAMIL | B25: =SUM(G13:G24) -> 0 | C25: =SUM(L13:L24) -> 0 | D25: =SUM(Q13:Q24) -> 0
A26: PENDIDIKAN JASMANI & PENDIDIKAN KESIHATAN | B26: =SUM(G13:G24) -> 0 | C26: =SUM(L13:L24) -> 0 | D26: =SUM(Q13:Q24) -> 0
B27: =SUM(G13:G24) -> 0 | C27: =SUM(L13:L24) -> 0 | D27: =SUM(Q13:Q24) -> 0
B28: =SUM(G13:G24) -> 0 | C28: =SUM(L13:L24) -> 0 | D28: =SUM(Q13:Q24) -> 0
B29: =SUM(G13:G24) -> 0 | C29: =SUM(L13:L24) -> 0 | D29: =SUM(Q13:Q24) -> 0
B30: =SUM(G13:G24) -> 0 | C30: =SUM(L13:L24) -> 0 | D30: =SUM(Q13:Q24) -> 0
B31: =SUM(G13:G24) -> 0 | C31: =SUM(L13:L24) -> 0 | D31: =SUM(Q13:Q24) -> 0
A32: TOTAL | B32: =SUM(B13:B31) -> 0 | C32: =SUM(C13:C31) -> 0 | D32: =SUM(D13:D31) -> 0
B34: JENIS PLAK | C34: QTY | D34: HARGA
C35: =SUM(B32:D32) -> 0 | D35: =IF(OR(B35="",C35=""),"",IFERROR(VLOOKUP(B35,'SENARAI PLAK'!$A$2:$B$159,2,FALSE)*C35,""))

Sheet PBD
F3: TOLONG ISI DI SINI
A9: TAHUN | B9: KUANTITI | F9: TAHUN 1 | I9: TAHUN 2 | L9: TAHUN 3 | O9: TAHUN 4 | R9: TAHUN 5 | U9: TAHUN 6
A10: TAHUN 1 | B10: =SUM(G11:G26) -> 0 | F10: NAMA KELAS | G10: QTY | I10: NAMA KELAS | J10: QTY | L10: NAMA KELAS | M10: QTY | O10: NAMA KELAS | P10: QTY | R10: NAMA KELAS | S10: QTY | U10: NAMA KELAS | V10: QTY
A11: TAHUN 2 | B11: =SUM(J11:J26) -> 0
A12: TAHUN 3 | B12: =SUM(M11:M26) -> 0
A13: TAHUN 4 | B13: =SUM(P11:P26) -> 0
A14: TAHUN 5 | B14: =SUM(S11:S26) -> 0
A15: TAHUN 6 | B15: =SUM(V11:V26) -> 0
A19: TOTAL | B19: =SUM(B10:D18) -> 0
B21: JENIS PLAK | C21: QTY | D21: HARGA
D22: =IF(OR(B22="",C22=""),"",IFERROR(VLOOKUP(B22,'SENARAI PLAK'!$A$2:$B$159,2,FALSE)*C22,""))

Sheet ALIRAN TERBAIK
E1: TOLONG ISI DI SINI | BAX1: PERTAMA
BAX2: KEDUA
BAX3: KETIGA
BAX4: KEEMPAT
BAX5: KELIMA
BAX6: KEENAM
B7: TAHUN | C7: KEDUDUKAN | E7: TOTAL | BAX7: KETUJUH
C8: DARI | D8: HINGGA KE | BAX8: KELAPAN
B9: TAHUN 1 | BAX9: KESEMBILAN
B10: TAHUN 2 | BAX10: KESEPULUH
B11: TAHUN 3 | BAX11: KE-11
B12: TAHUN 4 | E12: =IFERROR(MATCH(D12,$BAX$1:$BAX$10,0)-MATCH(C12,$BAX$1:$BAX$10,0)+1,"") | BAX12: KE-12
B13: TAHUN 5 | E13: =IFERROR(MATCH(D13,$BAX$1:$BAX$10,0)-MATCH(C13,$BAX$1:$BAX$10,0)+1,"") | BAX13: KE-13
B14: TAHUN 6 | BAX14: KE-14
BAX15: KE-15
BAX16: KE-16
E17: =IFERROR(MATCH(D17,$BAX$1:$BAX$10,0)-MATCH(C17,$BAX$1:$BAX$10,0)+1,"") | BAX17: KE-17
B18: TOTAL: | E18: =SUM(E9:E17) -> 0 | BAX18: KE-18
BAX19: KE-19
BAX20: KE-20
B21: JENIS PLAK | C21: CATATAN | E21: QTY | F21: HARGA
C22: DARI | D22: HINGGA KE
F23: =IF(OR(B23="",E23=""),"",IFERROR(VLOOKUP(B23,'SENARAI PLAK'!$A$2:$B$159,2,FALSE)*E23,""))
C24: {=IFERROR(INDEX($BAX$1:$BAX$20,MATCH(D23,$BAX$1:$BAX$20,0)+1),"")} | F24: =IF(OR(B24="",E24=""),"",IFERROR(VLOOKUP(B24,'SENARAI PLAK'!$A$2:$B$159,2,FALSE)*E24,""))
C25: {=IFERROR(INDEX($BAX$1:$BAX$20,MATCH(D24,$BAX$1:$BAX$20,0)+1),"")} | F25: =IF(OR(B25="",E25=""),"",IFERROR(VLOOKUP(B25,'SENARAI PLAK'!$A$2:$B$159,2,FALSE)*E25,""))
C26: {=IFERROR(INDEX($BAX$1:$BAX$20,MATCH(D25,$BAX$1:$BAX$20,0)+1),"")} | F26: =IF(OR(B26="",E26=""),"",IFERROR(VLOOKUP(B26,'SENARAI PLAK'!$A$2:$B$159,2,FALSE)*E26,""))

Sheet ALIRAN TERBAIK Kalau ada kelas
E1: TOLONG ISI DI SINI | BAX1: PERTAMA
BAX2: KEDUA
BAX3: KETIGA
BAX4: KEEMPAT
BAX5: KELIMA
BAX6: KEENAM
BAX7: KETUJUH
BAX8: KELAPAN
B9: TAHUN | C9: KEDUDUKAN | E9: TOTAL | H9: TAHUN 1 | K9: TAHUN 2 | N9: TAHUN 3 | Q9: TAHUN 4 | T9: TAHUN 5 | W9: TAHUN 6 | BAX9: KESEMBILAN
C10: DARI | D10: HINGGA KE | H10: NAMA KELAS | I10: QTY SETIAP KEDUDUKAN | K10: NAMA KELAS | L10: QTY SETIAP KEDUDUKAN | N10: NAMA KELAS | O10: QTY SETIAP KEDUDUKAN | Q10: NAMA KELAS | R10: QTY SETIAP KEDUDUKAN | T10: NAMA KELAS | U10: QTY SETIAP KEDUDUKAN | W10: NAMA KELAS | X10: QTY SETIAP KEDUDUKAN | BAX10: KESEPULUH
B11: TAHUN 1 | E11: =SUM(I11:I31)*IF(D11="",1,IFERROR(MATCH(D11,$BAX$1:$BAX$20,0),1)) -> 0 | BAX11: KE-11
B12: TAHUN 2 | E12: =SUM(L11:L35)*IF(D12="",1,IFERROR(MATCH(D12,$BAX$1:$BAX$20,0),1)) -> 0 | BAX12: KE-12
B13: TAHUN 3 | E13: =SUM(O11:O31)*IF(D13="",1,IFERROR(MATCH(D13,$BAX$1:$BAX$20,0),1)) -> 0 | BAX13: KE-13
B14: TAHUN 4 | E14: =SUM(R11:R31)*IF(D14="",1,IFERROR(MATCH(D14,$BAX$1:$BAX$20,0),1)) -> 0 | BAX14: KE-14
B15: TAHUN 5 | E15: =SUM(U11:U31)*IF(D15="",1,IFERROR(MATCH(D15,$BAX$1:$BAX$20,0),1)) -> 0 | BAX15: KE-15
B16: TAHUN 6 | E16: =SUM(X11:X35)*IF(D16="",1,IFERROR(MATCH(D16,$BAX$1:$BAX$20,0),1)) -> 0 | BAX16: KE-16
BAX17: KE-17
BAX18: KE-18
E19: =IFERROR(MATCH(D19,$BAX$1:$BAX$10,0)-MATCH(C19,$BAX$1:$BAX$10,0)+1,"") | BAX19: KE-19
B20: TOTAL: | E20: =SUM(E11:E19) -> 0 | BAX20: KE-20
B28: JENIS PLAK | C28: CATATAN | E28: QTY | F28: HARGA
C29: DARI | D29: HINGGA KE
F30: =IF(OR(B30="",E30=""),"",IFERROR(VLOOKUP(B30,'SENARAI PLAK'!$A$2:$B$159,2,FALSE)*E30,""))
C31: {=IFERROR(INDEX($BBC$2:$BBC$21,MATCH(D30,$BAX$1:$BAX$10,0)+1),"")} | F31: =IF(OR(B31="",E31=""),"",IFERROR(VLOOKUP(B31,'SENARAI PLAK'!$A$2:$B$159,2,FALSE)*E31,""))
C32: {=IFERROR(INDEX($BAX$1:$BAX$20,MATCH(D31,$BAX$1:$BAX$10,0)+1),"")} | F32: =IF(OR(B32="",E32=""),"",IFERROR(VLOOKUP(B32,'SENARAI PLAK'!$A$2:$B$159,2,FALSE)*E32,""))
C33: {=IFERROR(INDEX($BAX$1:$BAX$20,MATCH(D32,$BAX$1:$BAX$10,0)+1),"")} | F33: =IF(OR(B33="",E33=""),"",IFERROR(VLOOKUP(B33,'SENARAI PLAK'!$A$2:$B$159,2,FALSE)*E33,""))

Sheet LONJAKAN SAUJANA
C1: TOLONG ISI DI SINI
A6: TAHUN | B6: KUANTITI | C6: JENIS PLAK | E6: HARGA PER UNIT | F6: TOTAL HARGA
A7: TAHUN 1 | E7: =IF(C7="","",IFERROR(VLOOKUP(C7,'SENARAI PLAK'!$A$2:$B$159,2,FALSE),"")) | F7: =IFERROR(E7*B7,0) -> 0
A8: TAHUN 2 | E8: =IF(C8="","",IFERROR(VLOOKUP(C8,'SENARAI PLAK'!$A$2:$B$159,2,FALSE),"")) | F8: =IFERROR(E8*B8,0) -> 0
A9: TAHUN 3 | E9: =IF(C9="","",IFERROR(VLOOKUP(C9,'SENARAI PLAK'!$A$2:$B$159,2,FALSE),"")) | F9: =IFERROR(E9*B9,0) -> 0
A10: TAHUN 4 | E10: =IF(C10="","",IFERROR(VLOOKUP(C10,'SENARAI PLAK'!$A$2:$B$159,2,FALSE),"")) | F10: =IFERROR(E10*B10,0) -> 0
A11: TAHUN 5 | E11: =IF(C11="","",IFERROR(VLOOKUP(C11,'SENARAI PLAK'!$A$2:$B$159,2,FALSE),"")) | F11: =IFERROR(E11*B11,0) -> 0
A12: TAHUN 6 | E12: =IF(C12="","",IFERROR(VLOOKUP(C12,'SENARAI PLAK'!$A$2:$B$159,2,FALSE),"")) | F12: =IFERROR(E12*B12,0) -> 0
E13: =IF(C13="","",IFERROR(VLOOKUP(C13,'SENARAI PLAK'!$A$2:$B$159,2,FALSE),"")) | F13: =IFERROR(E13*B13,0) -> 0
E14: =IF(C14="","",IFERROR(VLOOKUP(C14,'SENARAI PLAK'!$A$2:$B$159,2,FALSE),"")) | F14: =IFERROR(E14*B14,0) -> 0
E15: =IF(C15="","",IFERROR(VLOOKUP(C15,'SENARAI PLAK'!$A$2:$B$159,2,FALSE),"")) | F15: =IFERROR(E15*B15,0) -> 0
E16: =IF(C16="","",IFERROR(VLOOKUP(C16,'SENARAI PLAK'!$A$2:$B$159,2,FALSE),"")) | F16: =IFERROR(E16*B16,0) -> 0
A17: TOTAL: | B17: =SUM(B7:B16) -> 0 | F17: =SUM(F7:F16) -> 0

Sheet TOKOH
D1: TOLONG ISI DI SINI
A6: TOKOH | B6: NAMA MURID | C6: GAMBAR (YES/NO) | D6: KUANTITI | E6: JENIS PLAK | F6: **DESIGN | G6: HARGA PER UNIT | H6: TOTAL HARGA
A7: TOKOH MURID | G7: =IF(E7="","",IFERROR(VLOOKUP(E7,'SENARAI PLAK'!$A$2:$B$159,2,FALSE),"")) | H7: =IFERROR(G7*D7,0) -> 0
A8: TOKOH NILAM | G8: =IF(E8="","",IFERROR(VLOOKUP(E8,'SENARAI PLAK'!$A$2:$B$159,2,FALSE),"")) | H8: =IFERROR(G8*D8,0) -> 0
A9: TOKOH KURIKULUM | G9: =IF(E9="","",IFERROR(VLOOKUP(E9,'SENARAI PLAK'!$A$2:$B$159,2,FALSE),"")) | H9: =IFERROR(G9*D9,0) -> 0
A10: TOKOH KOKURIKULUM | G10: =IF(E10="","",IFERROR(VLOOKUP(E10,'SENARAI PLAK'!$A$2:$B$159,2,FALSE),"")) | H10: =IFERROR(G10*D10,0) -> 0
A11: TOKOH AKADEMIK | G11: =IF(E11="","",IFERROR(VLOOKUP(E11,'SENARAI PLAK'!$A$2:$B$159,2,FALSE),"")) | H11: =IFERROR(G11*D11,0) -> 0
G12: =IF(E12="","",IFERROR(VLOOKUP(E12,'SENARAI PLAK'!$A$2:$B$159,2,FALSE),"")) | H12: =IFERROR(G12*D12,0) -> 0
G13: =IF(E13="","",IFERROR(VLOOKUP(E13,'SENARAI PLAK'!$A$2:$B$159,2,FALSE),"")) | H13: =IFERROR(G13*D13,0) -> 0
G14: =IF(E14="","",IFERROR(VLOOKUP(E14,'SENARAI PLAK'!$A$2:$B$159,2,FALSE),"")) | H14: =IFERROR(G14*D14,0) -> 0
G15: =IF(E15="","",IFERROR(VLOOKUP(E15,'SENARAI PLAK'!$A$2:$B$159,2,FALSE),"")) | H15: =IFERROR(G15*D15,0) -> 0
G16: =IF(E16="","",IFERROR(VLOOKUP(E16,'SENARAI PLAK'!$A$2:$B$159,2,FALSE),"")) | H16: =IFERROR(G16*D16,0) -> 0
G17: =IF(E17="","",IFERROR(VLOOKUP(E17,'SENARAI PLAK'!$A$2:$B$159,2,FALSE),"")) | H17: =IFERROR(G17*D17,0) -> 0
A18: TOTAL: | D18: =SUM(D7:D17) -> 0 | H18: =SUM(H7:H16) -> 0

Sheet KEHADIRAN PENUH
C1: TOLONG ISI DI SINI
A7: TAHUN | B7: KUANTITI | C7: JENIS PLAK | D7: HARGA PER UNIT | E7: TOTAL HARGA
A8: TAHUN 1 | D8: =IF(C8="","",IFERROR(VLOOKUP(C8,'SENARAI PLAK'!$A$2:$B$159,2,FALSE),"")) | E8: =IFERROR(D8*B8,0) -> 0
A9: TAHUN 2 | D9: =IF(C9="","",IFERROR(VLOOKUP(C9,'SENARAI PLAK'!$A$2:$B$159,2,FALSE),"")) | E9: =IFERROR(D9*B9,0) -> 0
A10: TAHUN 3 | D10: =IF(C10="","",IFERROR(VLOOKUP(C10,'SENARAI PLAK'!$A$2:$B$159,2,FALSE),"")) | E10: =IFERROR(D10*B10,0) -> 0
A11: TAHUN 4 | D11: =IF(C11="","",IFERROR(VLOOKUP(C11,'SENARAI PLAK'!$A$2:$B$159,2,FALSE),"")) | E11: =IFERROR(D11*B11,0) -> 0
A12: TAHUN 5 | D12: =IF(C12="","",IFERROR(VLOOKUP(C12,'SENARAI PLAK'!$A$2:$B$159,2,FALSE),"")) | E12: =IFERROR(D12*B12,0) -> 0
A13: TAHUN 6 | D13: =IF(C13="","",IFERROR(VLOOKUP(C13,'SENARAI PLAK'!$A$2:$B$159,2,FALSE),"")) | E13: =IFERROR(D13*B13,0) -> 0
D14: =IF(C14="","",IFERROR(VLOOKUP(C14,'SENARAI PLAK'!$A$2:$B$159,2,FALSE),"")) | E14: =IFERROR(D14*B14,0) -> 0
D15: =IF(C15="","",IFERROR(VLOOKUP(C15,'SENARAI PLAK'!$A$2:$B$159,2,FALSE),"")) | E15: =IFERROR(D15*B15,0) -> 0
D16: =IF(C16="","",IFERROR(VLOOKUP(C16,'SENARAI PLAK'!$A$2:$B$159,2,FALSE),"")) | E16: =IFERROR(D16*B16,0) -> 0
D17: =IF(C17="","",IFERROR(VLOOKUP(C17,'SENARAI PLAK'!$A$2:$B$159,2,FALSE),"")) | E17: =IFERROR(D17*B17,0) -> 0
A18: TOTAL: | B18: =SUM(B8:B17) -> 0 | E18: =SUM(E8:E17) -> 0

Sheet ORDER LAIN-LAIN
A1: TOLONG ISI DI SINI · BORANG PLAK UMUM
A2: LANGKAH 1 Tulis CONTOH PLAK → LANGKAH 2 Satu baris = satu jenis plak → LANGKAH 3 Semak JUMLAH PLAK
A3: Kotak KUNING = anda isi. Kotak KELABU = automatik (tidak perlu isi).
A4: LANGKAH 1 · CONTOH PLAK (tulis setiap baris seperti pada plak) | F4: WARNA MERAH? | G4: PANDUAN
A5: ① | G5: • Baris yang tiada? Biarkan kosong. • Tajuk 2 baris? Tekan ALT + ENTER (Mac: Option + Return). • Nak satu baris jadi warna merah? Pilih MERAH di sebelah. • JENIS PLAK: pilih dari senarai. HARGA keluar sendiri — kalau tukar, kotak jadi MERAH.
A6: ②
A7: ③
A8: ④
A10: LANGKAH 2 · SENARAI PLAK — satu baris = satu jenis plak. Tulis baris ①–④ yang BERBEZA sahaja; KOSONG = sama macam CONTOH; tulis - kalau baris itu TIADA.
A11: No. | B11: ① | C11: ② | D11: ③ | E11: ④ | F11: KUANTITI | G11: JENIS PLAK | H11: HARGA PER UNIT | I11: TOTAL HARGA | J11: PLAK AKAN JADI (automatik)
A12: CONTOH | F12: 5 | G12: PKC 263 | H12: =IF(G12="","",IFERROR(VLOOKUP(G12,'SENARAI PLAK'!$A$2:$B$159,2,FALSE),"")) -> 12 | I12: =IF(OR(F12="",H12=""),"",F12*H12) -> 60 | J12: =IF(F12="","",MID(IF(IF(B12="-","",IF(B12<>"",B12,""))="",""," / "&IF(B12="-","",IF(B12<>"",B12,"")))&IF(IF(C12="-","",IF(C12<>"",C12,$B$6))="",""," / "&IF(C12="-","",IF(C12<>"",C12,$B$6)))&IF(IF(D12="-","",IF(D12<>"",D12,$B$7))="",""," / "&IF(D12="-","",IF(D12<>"",D12,$B$7)))&IF(IF(E12="-","",IF(E12<>"",E12,$B$8))="",""," / "&IF(E12="-","",IF(E12<>"",E12,$B$8))),4,500))
A13: CONTOH | C13: NAIB JOHAN | F13: 2 | G13: PKC 263 | H13: =IF(G13="","",IFERROR(VLOOKUP(G13,'SENARAI PLAK'!$A$2:$B$159,2,FALSE),"")) -> 12 | I13: =IF(OR(F13="",H13=""),"",F13*H13) -> 24 | J13: =IF(F13="","",MID(IF(IF(B13="-","",IF(B13<>"",B13,""))="",""," / "&IF(B13="-","",IF(B13<>"",B13,"")))&IF(IF(C13="-","",IF(C13<>"",C13,$B$6))="",""," / "&IF(C13="-","",IF(C13<>"",C13,$B$6)))&IF(IF(D13="-","",IF(D13<>"",D13,$B$7))="",""," / "&IF(D13="-","",IF(D13<>"",D13,$B$7)))&IF(IF(E13="-","",IF(E13<>"",E13,$B$8))="",""," / "&IF(E13="-","",IF(E13<>"",E13,$B$8))),4,500)) -> NAIB JOHAN
A14: 1 | H14: =IF(G14="","",IFERROR(VLOOKUP(G14,'SENARAI PLAK'!$A$2:$B$159,2,FALSE),"")) | I14: =IF(OR(F14="",H14=""),"",F14*H14) | J14: =IF(F14="","",MID(IF(IF(B14="-","",IF(B14<>"",B14,""))="",""," / "&IF(B14="-","",IF(B14<>"",B14,"")))&IF(IF(C14="-","",IF(C14<>"",C14,$B$6))="",""," / "&IF(C14="-","",IF(C14<>"",C14,$B$6)))&IF(IF(D14="-","",IF(D14<>"",D14,$B$7))="",""," / "&IF(D14="-","",IF(D14<>"",D14,$B$7)))&IF(IF(E14="-","",IF(E14<>"",E14,$B$8))="",""," / "&IF(E14="-","",IF(E14<>"",E14,$B$8))),4,500))
A15: 2 | H15: =IF(G15="","",IFERROR(VLOOKUP(G15,'SENARAI PLAK'!$A$2:$B$159,2,FALSE),"")) | I15: =IF(OR(F15="",H15=""),"",F15*H15) | J15: =IF(F15="","",MID(IF(IF(B15="-","",IF(B15<>"",B15,""))="",""," / "&IF(B15="-","",IF(B15<>"",B15,"")))&IF(IF(C15="-","",IF(C15<>"",C15,$B$6))="",""," / "&IF(C15="-","",IF(C15<>"",C15,$B$6)))&IF(IF(D15="-","",IF(D15<>"",D15,$B$7))="",""," / "&IF(D15="-","",IF(D15<>"",D15,$B$7)))&IF(IF(E15="-","",IF(E15<>"",E15,$B$8))="",""," / "&IF(E15="-","",IF(E15<>"",E15,$B$8))),4,500))
A16: 3 | H16: =IF(G16="","",IFERROR(VLOOKUP(G16,'SENARAI PLAK'!$A$2:$B$159,2,FALSE),"")) | I16: =IF(OR(F16="",H16=""),"",F16*H16) | J16: =IF(F16="","",MID(IF(IF(B16="-","",IF(B16<>"",B16,""))="",""," / "&IF(B16="-","",IF(B16<>"",B16,"")))&IF(IF(C16="-","",IF(C16<>"",C16,$B$6))="",""," / "&IF(C16="-","",IF(C16<>"",C16,$B$6)))&IF(IF(D16="-","",IF(D16<>"",D16,$B$7))="",""," / "&IF(D16="-","",IF(D16<>"",D16,$B$7)))&IF(IF(E16="-","",IF(E16<>"",E16,$B$8))="",""," / "&IF(E16="-","",IF(E16<>"",E16,$B$8))),4,500))
A17: 4 | H17: =IF(G17="","",IFERROR(VLOOKUP(G17,'SENARAI PLAK'!$A$2:$B$159,2,FALSE),"")) | I17: =IF(OR(F17="",H17=""),"",F17*H17) | J17: =IF(F17="","",MID(IF(IF(B17="-","",IF(B17<>"",B17,""))="",""," / "&IF(B17="-","",IF(B17<>"",B17,"")))&IF(IF(C17="-","",IF(C17<>"",C17,$B$6))="",""," / "&IF(C17="-","",IF(C17<>"",C17,$B$6)))&IF(IF(D17="-","",IF(D17<>"",D17,$B$7))="",""," / "&IF(D17="-","",IF(D17<>"",D17,$B$7)))&IF(IF(E17="-","",IF(E17<>"",E17,$B$8))="",""," / "&IF(E17="-","",IF(E17<>"",E17,$B$8))),4,500))
A18: 5 | H18: =IF(G18="","",IFERROR(VLOOKUP(G18,'SENARAI PLAK'!$A$2:$B$159,2,FALSE),"")) | I18: =IF(OR(F18="",H18=""),"",F18*H18) | J18: =IF(F18="","",MID(IF(IF(B18="-","",IF(B18<>"",B18,""))="",""," / "&IF(B18="-","",IF(B18<>"",B18,"")))&IF(IF(C18="-","",IF(C18<>"",C18,$B$6))="",""," / "&IF(C18="-","",IF(C18<>"",C18,$B$6)))&IF(IF(D18="-","",IF(D18<>"",D18,$B$7))="",""," / "&IF(D18="-","",IF(D18<>"",D18,$B$7)))&IF(IF(E18="-","",IF(E18<>"",E18,$B$8))="",""," / "&IF(E18="-","",IF(E18<>"",E18,$B$8))),4,500))
A19: 6 | H19: =IF(G19="","",IFERROR(VLOOKUP(G19,'SENARAI PLAK'!$A$2:$B$159,2,FALSE),"")) | I19: =IF(OR(F19="",H19=""),"",F19*H19) | J19: =IF(F19="","",MID(IF(IF(B19="-","",IF(B19<>"",B19,""))="",""," / "&IF(B19="-","",IF(B19<>"",B19,"")))&IF(IF(C19="-","",IF(C19<>"",C19,$B$6))="",""," / "&IF(C19="-","",IF(C19<>"",C19,$B$6)))&IF(IF(D19="-","",IF(D19<>"",D19,$B$7))="",""," / "&IF(D19="-","",IF(D19<>"",D19,$B$7)))&IF(IF(E19="-","",IF(E19<>"",E19,$B$8))="",""," / "&IF(E19="-","",IF(E19<>"",E19,$B$8))),4,500))
A20: 7 | H20: =IF(G20="","",IFERROR(VLOOKUP(G20,'SENARAI PLAK'!$A$2:$B$159,2,FALSE),"")) | I20: =IF(OR(F20="",H20=""),"",F20*H20) | J20: =IF(F20="","",MID(IF(IF(B20="-","",IF(B20<>"",B20,""))="",""," / "&IF(B20="-","",IF(B20<>"",B20,"")))&IF(IF(C20="-","",IF(C20<>"",C20,$B$6))="",""," / "&IF(C20="-","",IF(C20<>"",C20,$B$6)))&IF(IF(D20="-","",IF(D20<>"",D20,$B$7))="",""," / "&IF(D20="-","",IF(D20<>"",D20,$B$7)))&IF(IF(E20="-","",IF(E20<>"",E20,$B$8))="",""," / "&IF(E20="-","",IF(E20<>"",E20,$B$8))),4,500))
A21: 8 | H21: =IF(G21="","",IFERROR(VLOOKUP(G21,'SENARAI PLAK'!$A$2:$B$159,2,FALSE),"")) | I21: =IF(OR(F21="",H21=""),"",F21*H21) | J21: =IF(F21="","",MID(IF(IF(B21="-","",IF(B21<>"",B21,""))="",""," / "&IF(B21="-","",IF(B21<>"",B21,"")))&IF(IF(C21="-","",IF(C21<>"",C21,$B$6))="",""," / "&IF(C21="-","",IF(C21<>"",C21,$B$6)))&IF(IF(D21="-","",IF(D21<>"",D21,$B$7))="",""," / "&IF(D21="-","",IF(D21<>"",D21,$B$7)))&IF(IF(E21="-","",IF(E21<>"",E21,$B$8))="",""," / "&IF(E21="-","",IF(E21<>"",E21,$B$8))),4,500))
A22: 9 | H22: =IF(G22="","",IFERROR(VLOOKUP(G22,'SENARAI PLAK'!$A$2:$B$159,2,FALSE),"")) | I22: =IF(OR(F22="",H22=""),"",F22*H22) | J22: =IF(F22="","",MID(IF(IF(B22="-","",IF(B22<>"",B22,""))="",""," / "&IF(B22="-","",IF(B22<>"",B22,"")))&IF(IF(C22="-","",IF(C22<>"",C22,$B$6))="",""," / "&IF(C22="-","",IF(C22<>"",C22,$B$6)))&IF(IF(D22="-","",IF(D22<>"",D22,$B$7))="",""," / "&IF(D22="-","",IF(D22<>"",D22,$B$7)))&IF(IF(E22="-","",IF(E22<>"",E22,$B$8))="",""," / "&IF(E22="-","",IF(E22<>"",E22,$B$8))),4,500))
A23: 10 | H23: =IF(G23="","",IFERROR(VLOOKUP(G23,'SENARAI PLAK'!$A$2:$B$159,2,FALSE),"")) | I23: =IF(OR(F23="",H23=""),"",F23*H23) | J23: =IF(F23="","",MID(IF(IF(B23="-","",IF(B23<>"",B23,""))="",""," / "&IF(B23="-","",IF(B23<>"",B23,"")))&IF(IF(C23="-","",IF(C23<>"",C23,$B$6))="",""," / "&IF(C23="-","",IF(C23<>"",C23,$B$6)))&IF(IF(D23="-","",IF(D23<>"",D23,$B$7))="",""," / "&IF(D23="-","",IF(D23<>"",D23,$B$7)))&IF(IF(E23="-","",IF(E23<>"",E23,$B$8))="",""," / "&IF(E23="-","",IF(E23<>"",E23,$B$8))),4,500))
A24: 11 | H24: =IF(G24="","",IFERROR(VLOOKUP(G24,'SENARAI PLAK'!$A$2:$B$159,2,FALSE),"")) | I24: =IF(OR(F24="",H24=""),"",F24*H24) | J24: =IF(F24="","",MID(IF(IF(B24="-","",IF(B24<>"",B24,""))="",""," / "&IF(B24="-","",IF(B24<>"",B24,"")))&IF(IF(C24="-","",IF(C24<>"",C24,$B$6))="",""," / "&IF(C24="-","",IF(C24<>"",C24,$B$6)))&IF(IF(D24="-","",IF(D24<>"",D24,$B$7))="",""," / "&IF(D24="-","",IF(D24<>"",D24,$B$7)))&IF(IF(E24="-","",IF(E24<>"",E24,$B$8))="",""," / "&IF(E24="-","",IF(E24<>"",E24,$B$8))),4,500))
A25: 12 | H25: =IF(G25="","",IFERROR(VLOOKUP(G25,'SENARAI PLAK'!$A$2:$B$159,2,FALSE),"")) | I25: =IF(OR(F25="",H25=""),"",F25*H25) | J25: =IF(F25="","",MID(IF(IF(B25="-","",IF(B25<>"",B25,""))="",""," / "&IF(B25="-","",IF(B25<>"",B25,"")))&IF(IF(C25="-","",IF(C25<>"",C25,$B$6))="",""," / "&IF(C25="-","",IF(C25<>"",C25,$B$6)))&IF(IF(D25="-","",IF(D25<>"",D25,$B$7))="",""," / "&IF(D25="-","",IF(D25<>"",D25,$B$7)))&IF(IF(E25="-","",IF(E25<>"",E25,$B$8))="",""," / "&IF(E25="-","",IF(E25<>"",E25,$B$8))),4,500))
... A53: 40 | H53: =IF(G53="","",IFERROR(VLOOKUP(G53,'SENARAI PLAK'!$A$2:$B$159,2,FALSE),"")) | I53: =IF(OR(F53="",H53=""),"",F53*H53) | J53: =IF(F53="","",MID(IF(IF(B53="-","",IF(B53<>"",B53,""))="",""," / "&IF(B53="-","",IF(B53<>"",B53,"")))&IF(IF(C53="-","",IF(C53<>"",C53,$B$6))="",""," / "&IF(C53="-","",IF(C53<>"",C53,$B$6)))&IF(IF(D53="-","",IF(D53<>"",D53,$B$7))="",""," / "&IF(D53="-","",IF(D53<>"",D53,$B$7)))&IF(IF(E53="-","",IF(E53<>"",E53,$B$8))="",""," / "&IF(E53="-","",IF(E53<>"",E53,$B$8))),4,500))
A54: LANGKAH 3 · JUMLAH PLAK → | F54: =SUM(F14:F53) -> 0 | G54: JUMLAH HARGA → | I54: =SUM(I14:I53) -> 0

Sheet SENARAI PLAK
A1: JENIS PLAK | B1: HARGA (RM)
A2: DECO LIGHT | B2: 20
A3: PKF 265 | B3: 10
A4: PKF 266 | B4: 10
A5: PKC 263 | B5: 12
A6: PKC 246 | B6: 12
A7: PK 261 / A | B7: 10
A8: PK 261 / B | B8: 9
A9: PK 261 / C | B9: 8
A10: SHINING STICKER A | B10: 17
A11: ALUMINIUM PLATE A | B11: 25
A12: WOOD ENGRAVED A | B12: 25
A13: VB / A / RED | B13: 0
... A159: OTHER | B159: 0
